vorname;nachname;Klasse;Groesse;Gewicht;Notendurchschnitt
Elvyn;Ebenezer;1CHEL;156;85;4.89
Josey;Hankard;5AHEL;178;77.7;3.17
Yurik;Stiffkins;5CHEL;161;59.5;1.36
Sholom;Stodit;1BHEL;167;76.2;2.62
Osbert;Goranov;1CHEL;185;60.8;2.54
Baxie;Everington;5AHBG;171;84.4;1.2
Odille;Krojn;5BHEL;185;68.1;2.75
Kim;Stranieri;1AHBG;160;85;1.55
Lorraine;Baker;5BHBG;180;56.4;2.67
Karole;Tebbitt;5CHEL;185;52.7;4
Vic;MacDiarmid;4CHEL;158;55.7;4.55
Imojean;Shimoni;2CHEL;157;75.3;3.25
Barry;Carlozzi;5BHEL;199;58.6;3.05
Thomasine;Le Brum;1CHEL;196;61.4;2.99
Vinnie;Gilmartin;4BHBG;166;78.3;4.25
Ab;Atkins;3CHEL;179;80.4;4.92
Kiri;Missen;2CHEL;198;62;4.82
Hale;Enos;5BHBG;179;55.5;2.84
Teressa;Bratton;4BHEL;201;69.4;1.7
Ange;Strugnell;4AHBG;188;74;1.05
Hugues;Dominici;2AHEL;150;62.6;4.37
Emelyne;Guyon;2BHBG;180;82.8;2.68
Babette;Spellacy;1CHEL;153;71.2;1.73
Sandy;Coltart;1BHBG;153;55.3;3.82
Bessy;Divisek;2BHEL;161;60;1.81
Joanie;Mingardi;2CHEL;170;56.1;3.05
Barbie;Thorby;5CHEL;187;65.8;1.7
Adey;Eeles;1BHEL;170;63.9;1.06
Vassily;O'Kieran;1AHBG;154;68.5;1.94
Edithe;Oman;5BHBG;187;90;2.4
Karlie;Teas;5BHEL;201;53.3;1.96
Christalle;Coffin;1BHBG;189;89.8;3.39
Cheri;Yanshin;2AHBG;153;89.6;3.5
Clerkclaude;Pennycock;5BHEL;200;74.2;3.59
Rena;Bulstrode;2AHBG;151;77.9;3.44
Linn;Hamfleet;3AHBG;171;56.2;4.66
Gerhard;Baistow;5AHBG;152;80.8;3.79
Vincents;Revell;3CHEL;164;66.3;2.32
Jenny;De Bernardi;4BHEL;154;78.6;3.96
Ingeberg;Kelloway;4CHEL;172;53.3;3.81
Mohammed;Crilley;4BHBG;159;68.7;2.44
Charmine;Cruttenden;1CHEL;163;75.9;2.62
Kylynn;Gellan;2AHBG;202;60.8;2.49
Natalee;Gatman;4CHEL;196;54.4;2.45
Karel;Dumbelton;5AHBG;191;78.8;1.39
Colby;Jouanet;4CHEL;150;77.9;3.14
Zulema;Corris;5BHBG;152;88.6;4.67
Hall;Denisevich;1BHBG;166;55.9;2.95
Nikola;Letchmore;3CHEL;193;67.2;4.03
Adolpho;Poone;2BHBG;198;83;1.93
Biron;Jacobowicz;3AHBG;184;72.7;2.16
Cathe;Murkin;3AHEL;190;76.9;4.76
Randolph;Rangeley;2CHEL;153;66.3;4.41
Cassie;Jeakins;1AHEL;193;58.9;3.49
Ricard;Guys;1AHEL;156;77.7;3.37
Judon;Perrin;3BHBG;196;89.5;1.29
Esdras;Goadsby;2BHEL;192;57.3;2.23
Ethelda;Benmore;3BHEL;182;75;1.38
Sharlene;Glasebrook;4BHBG;181;80.8;4.39
Lisha;Barton;4AHEL;157;81.4;2.95
Andie;Benger;1CHEL;176;86.2;3.64
Aldon;McCreery;4BHEL;188;53.9;1.75
Portie;MacTrustrie;5CHEL;150;77.8;1.25
Ibby;Ellicott;1CHEL;195;78.5;3.42
Johna;Karlmann;2CHEL;191;75.9;4.73
Karlee;Millberg;1CHEL;170;53.9;4.99
Junette;De'Vere - Hunt;5BHBG;178;57.2;4.82
Paddy;Spikings;3AHEL;199;71.3;4.97
Bertie;Lindelof;1CHEL;154;83;1.25
Gerard;McGeachy;5AHBG;168;56.4;3.31
Horton;McCartan;4AHBG;170;68.6;4.17
Viv;Mortel;5AHBG;164;60.8;1.74
Alfy;Brimfield;5BHEL;185;64.7;4.39
Constancia;Brokenbrow;2CHEL;189;59.6;1.32
Dixie;Gammell;5CHEL;187;89.3;3.49
Ester;Gajewski;3BHEL;194;66.3;1.21
Berte;Loomes;1BHEL;161;53.5;4.5
Mariya;Bowden;3BHBG;151;55.5;4.13
Gilbertine;Humerstone;5BHBG;187;83.2;2.96
Korney;Manterfield;2BHEL;168;60.2;4.92
Gardie;Gobeaux;1CHEL;180;86.5;2.69
Stearne;Lammas;2CHEL;159;78.1;3.48
Ernst;Geri;2AHEL;185;51;1.89
Cherrita;Eads;2AHEL;184;83.8;2.14
Leonerd;Dunrige;4BHEL;182;90;2.85
Jemmie;Neachell;5BHBG;171;70.2;2.41
Lovell;Camosso;2AHEL;180;60.7;4.25
Barry;Hulkes;4AHBG;198;56.1;4.2
Kerri;Reisk;1CHEL;183;54.9;4.55
Fin;Rosander;1AHBG;166;51.4;3.35
Bing;Haveline;3AHEL;151;61.8;2.58
Meggie;Piff;5AHBG;197;59.1;1.04
Adah;Mayston;1BHBG;158;87.1;2.01
Bordie;Woodes;5CHEL;189;79.4;1.81
Jacobo;Gudde;3AHBG;195;56.5;4.87
Tina;Drife;1CHEL;180;72.5;4.48
Heda;Wentworth;2BHBG;161;74.5;4.45
Lindon;Ivanin;5BHBG;170;63.2;1.2
Laureen;Ornils;4AHEL;159;57;2.96
Arlee;Winspurr;3BHBG;192;53.4;1.38
Aylmar;Frusher;4AHEL;169;66;4.44
Costa;Yakuntsov;3CHEL;168;81.3;4.92
Jilleen;Letteresse;4AHEL;172;52.4;2.16
Godwin;Leele;3AHBG;194;56.4;4.82
Ryann;Jeschner;1BHBG;185;53.9;2.4
Buffy;Donisi;4AHEL;198;78.2;5
Krishna;Aubry;5AHBG;157;85.2;4.95
Hercules;Ende;2AHBG;163;79.8;4.94
Myrtia;Riddall;2AHEL;160;53.5;3.49
Boniface;Waldram;1BHEL;152;88;1.11
Padraig;Handsheart;4BHEL;178;86.6;4.67
Rhys;Kopacek;4AHBG;179;71.4;2.2
Roxy;Leeson;4BHBG;183;87.3;2.28
Ari;Roundtree;1BHEL;197;86.2;1.59
Niki;Tolman;5AHEL;159;77.7;3.4
Lorinda;Lehrahan;3AHBG;167;89;4.69
Maritsa;Wedmore.;3BHEL;192;65.4;1.04
Matilda;Overthrow;2BHBG;160;81.8;4.44
Vickie;Edden;2AHEL;192;76.3;1.34
Pauli;Crispin;1BHEL;150;52.2;2.22
Riccardo;Feifer;2AHEL;198;89.5;1.12
Fredelia;Gobert;2CHEL;152;88.6;2
Valencia;Corbie;3BHBG;177;77.8;1.41
Twyla;Radnage;2AHEL;198;66.9;1.02
Abagael;Steger;1CHEL;159;56.7;2.55
Silvana;Ortner;4BHEL;197;51;1.06
Levy;Lortzing;5BHBG;152;60.3;4.43
Rena;Loch;2AHBG;181;70.3;1.5
Fanechka;Hallowes;4CHEL;175;67.7;2.54
Hoebart;Archdeacon;3AHEL;180;78.7;1.4
Zared;Kendall;2BHBG;153;52.3;4.77
Yancey;Christaeas;3CHEL;160;68.3;1.49
Robina;Lempenny;4BHEL;172;86.7;3.16
Paxon;Umbers;5AHBG;202;52.9;2.04
Wright;Oulett;4BHBG;156;72.9;1.84
Randa;Robuchon;2BHBG;183;79.4;1.7
Davita;Sayward;2BHEL;164;79.3;3.35
Mick;Hollyer;4BHBG;199;80.5;2.38
Bogart;Elecum;4AHBG;200;72.6;1.6
Harold;Fintoph;4AHBG;186;77.9;2.96
Abrahan;Punyer;2AHBG;187;52.5;4.81
Mathilde;Noweak;3AHEL;180;70.7;2.57
Elyssa;Dugan;2AHBG;186;73.2;3.43
Natasha;Trewman;3AHEL;166;52.1;1.04
Rusty;Dalliwatr;5BHBG;182;62;4.23
Doria;Barkway;3AHEL;197;88.5;1.44
Bat;Clemencet;2BHBG;176;52.9;2.38
Drucill;O'Hara;3AHBG;175;82.8;1.21
Arnaldo;Reddihough;1AHEL;162;61.3;2.89
Cesar;Stainbridge;3BHBG;179;85.3;4.13
Nertie;Caldero;4AHBG;159;78.7;3.24
Lancelot;Kitley;4AHEL;177;82.2;1.08
Tandie;Davy;3BHEL;194;72.1;4.8
Mikey;Fried;4BHBG;168;61.7;2.35
Shauna;Shelmardine;5CHEL;157;52.5;3.55
Mikkel;Owlner;4CHEL;199;73.9;4.49
Frederico;Sex;5CHEL;181;82.9;1.48
Maurine;Arnley;4AHBG;159;70.7;1.82
Noel;Tixier;3BHBG;193;53.7;3.5
Mindy;Frankom;5AHEL;153;77.6;4.56
Thibaut;Deaton;4AHEL;202;88.4;1.52
Mollee;Brooks;4BHEL;175;68.5;1.14
Zechariah;Klejin;2CHEL;200;77.2;2.38
Briana;Gowlett;2AHEL;165;76.1;1.97
Layne;Bittleson;1AHBG;169;88.8;3.79
Judas;Iveson;1BHBG;174;82;2.8
Melinda;Birkenhead;5AHEL;187;72.8;4.07
Ezekiel;Ottawell;2AHBG;168;55.3;4.14
Adria;Ambrozewicz;2BHEL;168;78.1;4.38
Dani;Benazet;1BHEL;154;83.4;2.66
Terrijo;Jerche;4BHBG;173;72.2;3.58
Charmine;Scarffe;1AHEL;196;63.8;2.67
Luis;McIlwraith;4BHBG;151;60.6;3.69
Stanly;Colquite;3BHBG;163;88.9;4.97
Danila;Andersen;2BHBG;157;57.8;2.01
Mervin;Goodbody;5BHBG;181;60.7;3.21
Marita;Ambroise;1AHBG;201;68;3.12
Dori;Haslock;2BHBG;192;60.5;4.55
Eleonore;Southon;4AHBG;186;82.6;2.23
Belinda;Pymer;1BHEL;163;74.1;4.11
Tadeo;Deboick;5AHEL;188;80.3;2.97
Carlee;Pithie;5BHBG;150;85.4;1.63
Darnell;Dadge;2BHEL;182;83.5;1.27
Katharyn;Andreazzi;2BHBG;200;75.3;2.82
Greer;Kaas;2BHBG;172;80.1;3.38
Alie;China;2BHEL;153;64.4;3.47
Tandi;Shotboulte;3BHEL;178;73.2;4.89
Juli;Ladel;3AHBG;172;55.3;3.98
Guillermo;Duell;2AHBG;185;74.4;2
Agnese;Carlesso;5BHBG;197;64.5;4.08
Danielle;David;1CHEL;156;66.9;1.3
Ken;Chadburn;1CHEL;153;63.2;2.96
Janos;Attew;2AHBG;178;53.6;3.34
Teresina;Haddacks;5BHEL;195;78.9;2.74
Luciano;Squirrell;4BHEL;150;52.9;4.45
Rhona;Duignan;4BHEL;157;79.6;2.6
Rebe;Dielhenn;4CHEL;160;62.2;1.91
Ryon;Hintze;1BHEL;172;80;2.75
Ramsey;Ingyon;1AHEL;165;77.9;4.5
Lion;Lipsett;4BHBG;180;51.1;1.65
Lilia;Harnott;2CHEL;156;73.1;1.94
Jarred;Bartalot;5CHEL;189;78;3.5
Goddart;Dalziell;3BHEL;168;52.8;2.64
Trixie;Blaymires;4BHBG;182;85.7;2.52
Thomasa;Dome;3CHEL;167;58.1;3.25
Cherri;Roch;1BHBG;192;65.9;1.89
Zorina;Rothery;5AHEL;173;87.7;1.97
Katrina;Derges;1AHBG;197;82;1.27
Zsa zsa;Ateggart;1AHEL;163;58.4;1.85
Beryl;Scurr;4AHBG;168;84.1;2.82
Chris;Hinksen;4AHBG;154;50.6;3.15
Marthena;Wynne;5AHEL;182;89.2;1.35
Wald;Undy;4AHBG;182;65.4;2.19
Susannah;Plumstead;3BHEL;171;82.2;4.42
Lorry;Behnecken;1BHEL;191;60;1.71
Wilhelmine;Fortescue;2CHEL;161;54.3;4.11
Barn;Slimings;5AHBG;200;81.6;4.55
Mufi;Prew;5AHEL;201;86.3;4.43
Erin;Gatherell;4AHEL;186;62.4;3.99
Lydon;Gillanders;4AHEL;153;72.6;1.47
Bradley;Burkill;2AHBG;163;71.3;3.83
Tina;Sikorsky;4AHEL;176;62.3;4.17
Neill;Moorcroft;2AHBG;160;57.4;3.78
Levi;Hanse;3AHEL;157;83.6;2.16
Myrtie;Beadman;5AHEL;185;67.3;1.81
Max;Hake;1AHBG;195;80.5;2.95
Allissa;Olivetta;3AHBG;192;62.5;1.93
Esra;Budik;4AHBG;168;82.1;1.43
Clementius;Gentner;4AHEL;158;86.2;4.55
Pet;Bemlott;3AHEL;163;66.8;4.85
Tirrell;Studd;5AHBG;199;68.4;4.42
Etti;Jimpson;2BHBG;151;79.1;3.03
Moe;Pierce;1AHBG;167;75.7;1.52
Saudra;Menloe;1BHEL;163;56.1;3.09
Alejandro;Belcham;4BHBG;187;82.1;4.27
Laurens;Leversuch;1BHEL;180;82.8;3.82
Heda;McQuirter;4AHEL;159;87.1;1.56
Sissie;Axelby;1AHBG;154;66.8;1.63
Rabbi;Callingham;2AHBG;156;73.6;3.62
Al;Sherred;2BHEL;198;67.4;4.86
Celinka;Shoemark;2CHEL;172;81.4;3.61
Urbain;de Merida;2AHEL;182;51.9;2.14
Annnora;Steanson;1CHEL;170;55.8;3.75
Esther;Ronca;2CHEL;198;51.4;2.96
Collin;Kilfedder;4AHEL;150;62.2;2.45
Kiley;De Vries;3AHEL;167;70;4.61
Daryn;Unthank;1BHBG;172;80.9;3
Danie;Minucci;4AHEL;183;55.2;1.2
Gilli;Cotelard;3AHEL;194;83.7;4.42
Claudie;Tidcombe;1AHBG;200;65.7;2.12
Spike;Wesson;3AHBG;182;65.5;3.55
Skippie;Lanston;5BHEL;191;72;2.85
Kata;Yerrill;1BHEL;183;82.1;1.3
Annabel;Oldknow;4BHBG;157;61.7;4.4
Angus;Bumford;5BHBG;173;71.5;2.49
Mannie;Lacaze;2BHEL;196;72.4;4.32
Babara;Aldersea;2AHBG;201;78.3;4.37
Thea;Kohnemann;3BHEL;187;85.6;1.37
Vic;Mattheeuw;1BHEL;196;83.2;1.99
Patsy;Hearnshaw;1CHEL;201;86.3;1.84
Austin;Sibbald;3AHEL;200;74.7;4.27
Farleigh;Yarrington;2BHEL;192;83.3;3.09
Evy;Redmell;3BHBG;187;68.3;3.8
Haleigh;Kira;5AHEL;185;78.1;1.06
Elijah;Munns;2CHEL;152;50.4;3.99
Lila;Hanham;1BHEL;158;81.2;4.8
Elysia;Ralfe;5BHEL;165;69.2;4.42
Vale;Turn;1AHEL;151;72.7;2.93
Teodora;Scramage;1CHEL;179;52.5;1.04
Guillema;Stalman;2BHEL;162;74.8;2.02
Kinny;Gilvary;1CHEL;161;54;3.42
Barrett;Shank;3AHEL;171;71.5;3.13
Berty;Sinderson;3CHEL;181;80.6;2.3
Ferguson;Gair;3AHBG;166;65.5;2.8
Dalis;Dikes;2BHBG;167;60.9;1.97
Chas;Surmeyer;1BHEL;194;65.8;1.36
Gwynne;Dax;5AHEL;174;75.8;3.2
Eugenie;Steger;5AHBG;186;67.6;4.06
Garvey;Scrowton;4BHEL;192;57.5;2.41
Leonhard;Grundwater;2AHEL;184;73.2;4.94
Giavani;Gilbane;5CHEL;191;68;4.9
Ber;Fagence;3CHEL;182;58.3;4.85
Teodora;Kennea;1BHBG;171;53.3;3.6
Carolin;Foukx;4CHEL;200;58.2;3.65
Salaidh;Lukesch;2CHEL;159;78.4;3.18
Luca;Blazey;5BHEL;166;67.4;3
Robinia;Foro;2BHEL;188;53.8;1.79
Arleen;Muge;5BHBG;165;70.5;3.67
Cynthia;Sisselot;5AHBG;156;73.1;2.96
Ev;Este;4BHBG;169;70.7;2.21
Doe;Patchett;2AHBG;188;76.8;4.24
Burtie;LAbbet;5BHBG;186;68.1;4.94
Belia;Batten;2BHBG;155;74.2;1.87
Cordula;McCoole;3BHEL;184;76.4;4.84
Berte;Kale;2CHEL;181;84.2;4.55
Karina;Hairsine;4CHEL;192;72.8;3.22
Dennis;Gorringe;1AHEL;176;79;4.43
Cathie;Paternoster;3AHBG;150;69.2;2.54
Whitman;Whitlock;1BHBG;160;79.2;2.5
Walt;Luckcock;4CHEL;158;74.3;1.32
Celka;Pitney;5AHBG;187;60.1;1.87
Laverna;Panons;3BHBG;182;85.9;4.51
Murielle;Laible;2AHEL;152;71.6;1.82
Cherie;Badrick;2BHEL;195;52.4;4.21
Wilbert;Osborn;5CHEL;177;76.6;4.51
Shandra;Sainte Paul;1BHEL;192;87.9;3.13
Pammi;Wrankmore;3CHEL;176;72.3;4.41
Peter;Polleye;1AHEL;194;67.9;1.62
Kelwin;Coombs;5CHEL;158;59.3;3.05
Hugibert;Cicculi;1BHEL;157;71.3;2.7
Garth;Scneider;1AHEL;189;50.9;1.87
Ileana;Ramm;1CHEL;181;84.3;2.42
Rubie;Tivenan;5CHEL;156;77.8;3.01
Kellen;Tanswill;5BHEL;187;54.8;4.06
Rennie;Pates;2AHBG;156;81.9;4.31
Vic;Jaukovic;1AHBG;157;50.1;1.34
Harland;Guarnier;1BHEL;163;52.1;1.89
Ara;Greenset;4BHEL;170;52.6;3.44
Trista;Haysom;3BHEL;180;84;2.04
Oliver;Stood;5AHBG;155;85.7;3.08
Melinda;Ashe;4BHEL;195;79.8;3.05
Cordi;Cristofvao;2AHEL;181;52;1.9
Meridith;Gooley;2CHEL;191;54.9;3.04
Rodrigo;Putton;1CHEL;192;58;4.04
Gwendolen;Tarborn;1BHEL;153;55.6;3.63
Whit;Abbis;3AHBG;188;85.2;3.27
Helenka;Currao;4CHEL;170;77;4.19
Ferdie;Tybalt;3AHEL;157;88.7;4.63
Luce;Keddy;5AHEL;174;62.9;4.34
Allix;Carnoghan;4BHEL;150;56;3.26
Francene;Laurencot;4BHEL;180;76.1;2.31
Decca;Chipperfield;2AHBG;180;85;3.23
Edita;Olivey;2CHEL;191;50.5;3.44
Dorice;Gore;5AHBG;199;56.3;2.05
Valerie;Kupisz;1BHEL;194;90;3.03
Wilden;Perott;2BHEL;178;69;3.1
Samuele;Gurery;2BHBG;198;80.2;1.23
Kym;Laxe;4BHEL;180;66.4;1.42
Pegeen;Parsisson;5BHBG;160;86.2;3.8
Jeannie;De Hailes;3BHEL;191;81.1;2.96
Miof mela;Deniseau;1BHBG;155;77.8;2.48
Noland;Maryin;2CHEL;187;70.1;2.54
Peadar;Caccavella;3AHEL;158;56.5;4.43
Harmon;Birtley;1BHEL;159;77.3;3.27
Bellina;Capoun;5BHBG;173;67;4.35
Melody;Magister;5BHEL;173;89.8;3.48
Raina;Bourdas;1BHBG;183;53.4;1.58
Gray;Tasch;5BHEL;163;66;2.89
Julius;Iacovozzo;1BHBG;181;82.5;2.91
Saunderson;Saby;1CHEL;188;72;1.79
Dolly;Kobpac;4AHEL;183;50.9;4.84
Leonanie;Pettiford;3BHEL;154;69.7;1.19
Harrison;Archer;3AHBG;151;75.3;2.97
Gratia;Pallent;5AHEL;160;83.1;1.99
Bette-ann;McGavigan;2CHEL;173;71.3;2.85
Cecelia;Tither;1CHEL;176;87.2;2.86
Eb;Rickert;2AHEL;169;86.8;1.21
Matteo;Willatts;3BHEL;152;62.9;3.56
Aarika;Wason;3BHEL;190;58.8;3.74
Fran;Swainson;3AHBG;187;71.7;2.39
Reinaldo;Chesser;2CHEL;182;82.1;1.8
Hercules;Arnout;2BHEL;176;67.5;1.95
Nil;Batalini;3AHBG;189;69.2;2.47
Phyllida;Gravell;1AHEL;154;56.8;3
Xerxes;Stallworth;4BHBG;193;82.1;3.08
Gilligan;Tucknutt;2BHBG;185;82.4;4.51
Madison;Larderot;1AHBG;201;85.3;3.46
Kittie;Ingarfill;4CHEL;187;62.1;1.78
Cart;Ritch;2AHEL;156;60.3;3.08
Lanny;Tideswell;5AHBG;151;88.2;4.57
Jean;Bordes;3AHBG;161;53.3;2.92
Dotti;Clifford;2AHEL;202;77.2;4.65
Lilla;Do Rosario;1AHEL;183;57.6;2.27
Chloette;Olander;1AHBG;189;64.8;1.5
Letty;Sanchiz;5AHBG;167;53.4;4.13
Alissa;Lorentzen;4AHBG;192;86.3;2.4
Priscilla;Truce;5BHEL;185;59.5;2.28
Nollie;Chittim;2AHEL;199;58.2;2.38
Dalenna;Trussler;2BHBG;153;52.6;1.22
Evelina;Devenish;2AHBG;188;61.4;3.82
Griffith;Conlaund;4BHBG;153;66;2.43
Jodi;Heathfield;1BHBG;178;51.3;1.49
Inessa;Gowenlock;5AHEL;186;54.2;2.62
Alta;Mackilpatrick;3AHBG;186;70;2.35
Freddie;Southern;4AHEL;177;56.9;2.87
Neda;Chrismas;5BHEL;176;54.8;3.45
Edgar;Sebastian;1AHEL;154;83.2;2.13
Lisabeth;Cheesley;4CHEL;199;57.7;3.61
Sadella;Giametti;1CHEL;185;86.3;1.18
Travis;Skellington;4BHEL;178;70.7;1.37
Brittney;Maciejak;5BHEL;178;74.3;1.31
Lucie;Amorts;4AHBG;193;83.8;2.6
Alane;Udall;2AHBG;150;86.6;3.02
Emmerich;Dullingham;1CHEL;187;80.4;3.67
Sean;Langstone;5BHEL;199;69.9;2.35
Fitzgerald;Spincks;1BHBG;198;73.7;1.63
Remington;Battams;2BHBG;198;68.3;2.15
Isabella;Gallamore;1BHBG;157;76;3.55
Tedman;Bonnor;1BHBG;190;50.4;3.76
Fran;McGinny;3BHEL;171;79.1;1.26
Joella;Kenningley;5BHEL;201;65.2;4.2
Eda;Sansbury;3CHEL;171;67.1;3.29
Findley;Riccioppo;1BHBG;202;55.1;2.54
Kameko;Coit;2AHEL;194;83.3;3.86
Kippar;Karys;2CHEL;201;76;1.94
Brigitta;Mulkerrins;1AHEL;174;73.8;3.23
Sadie;Heeron;3BHBG;166;53.7;2.43
Price;Ropkins;1AHBG;201;70.5;2.54
Kasper;Toolan;5AHBG;150;51.4;4.25
Celestyn;Lunbech;1AHEL;190;81.9;2.57
Jemima;Gooding;4BHEL;157;77;4.18
Consuelo;Heibel;3AHBG;199;57.5;3.76
Conn;Swannack;1AHBG;158;62.4;2.67
Herbert;Rolfi;3AHEL;171;65.7;4.28
Clo;Kenton;3AHEL;189;76.8;2.86
Flory;Rickeard;2CHEL;189;59;3.06
Morris;Spinley;4BHEL;175;85.3;3.04
Deeyn;Viger;2BHBG;165;61.5;1.46
Geraldine;Orridge;4BHEL;170;58.9;3.25
Patrizio;Tracey;3AHEL;182;83.5;1.41
Marinna;Chaplain;3AHEL;166;86.1;2.91
Gavrielle;Bygreaves;4AHBG;176;75.2;4.31
Ester;Kobieriecki;2CHEL;164;67;1.9
Bogart;Warriner;5AHBG;172;75.7;3.76
Cynthy;Gionettitti;4AHEL;187;68.4;4.93
Herve;Attwoul;5BHEL;152;66.4;1.46
Humbert;Dybbe;4CHEL;154;51.4;4.85
Bertie;Rapa;1CHEL;173;63.1;2.37
Kaila;Hucquart;5AHEL;177;75.7;1.13
Austine;Kighly;1CHEL;202;83.4;3.95
Carline;O'Sheils;2AHEL;198;78.4;4.02
Junina;Benediktsson;5CHEL;185;60.8;4.78
Jack;Jagson;2AHEL;187;58.1;1.33
Wit;Baughn;2AHBG;195;87.2;3.51
Judah;Hryniewicz;4BHBG;159;82.8;2.49
Jess;Searight;4BHBG;178;67.4;1.88
Fara;Boyson;4CHEL;202;88.5;4.42
Audra;Clarke;1AHBG;166;70.5;1.93
Cyndie;Casbolt;1BHBG;184;59.8;3.06
Lothaire;Urian;1AHEL;153;80.1;2.99
Stephanie;Buret;5BHBG;178;54.7;1.56
Edith;Simond;3AHEL;191;68.6;3.17
Waverly;Zettler;5BHBG;172;78;3.53
Gilberta;Jessope;3AHEL;190;60.9;1.69
Phelia;Blades;3BHEL;174;56.3;2.63
Alena;Hakewell;4BHEL;161;58.7;1.71
Gerry;Syder;2CHEL;191;72.6;1.47
Jock;Rykert;4CHEL;197;58.4;2.27
Elmore;Raybould;2BHBG;194;52.4;1.53
Briney;Ochterlony;4CHEL;196;58.3;2.51
Megen;Helsdon;2BHEL;176;74.6;3.89
Dex;Reede;3BHEL;179;53.7;2.79
Doloritas;Lippo;3CHEL;159;53.4;1.27
Sayer;Spraging;4AHBG;150;76.1;1.39
Wanids;Pygott;3BHBG;191;87.6;2.58
Roseanna;Kort;5BHBG;199;80.3;2.17
Lorettalorna;Picton;4BHBG;182;76.5;2.47
Leonardo;Oman;2AHBG;201;89.7;3.6
Lamond;Rigglesford;3CHEL;196;78.5;4.6
Roze;Bosher;3BHEL;188;72.1;4.29
Moll;O'Corren;4AHBG;192;66.2;4.61
Reta;Viste;3BHEL;191;66.1;1.43
Kit;Deaconson;1BHEL;168;65.7;1.21
Darwin;Mollett;4AHEL;186;62.3;2.44
Annabela;Gallichiccio;1BHEL;176;68;4.97
Ammamaria;Seel;2AHEL;191;60.1;4.51
Pancho;Stockwell;3BHEL;183;79.9;3.98
Opalina;Ledwitch;5BHBG;174;53.7;1.74
Millard;Djurisic;4CHEL;194;56.7;2.65
Alecia;Edmund;1CHEL;199;76.5;3.78
Kynthia;Fildery;5AHEL;173;70.8;4.65
Fields;Jellett;5BHEL;150;58.7;1.87
Hildagarde;Jancso;5AHBG;154;50.9;2.71
Edeline;Carradice;2BHBG;181;57.5;4.4
Debera;Joss;5BHBG;198;90;1.74
Kristine;Farnaby;1BHBG;170;77;4.93
Florida;Wrotchford;5CHEL;173;85.4;2.66
Mikaela;Wardington;3BHEL;187;51.8;4.42
Geoffrey;Havis;3AHEL;165;75;2.39
Herrick;Stickells;4AHBG;192;54.5;4.64
Tessi;Gillson;1BHBG;176;75.3;1.97
Erl;Woolfall;3AHBG;158;79.5;2.1
Cacilia;Spreadbury;1CHEL;156;58.8;3.48
Gaylene;Fennelow;5BHEL;179;88.1;4.37
Jacinthe;Thunderchief;2BHBG;158;53.3;3.56
Ardisj;Caddell;5BHEL;152;69.3;3.04
Tootsie;Ness;4AHBG;158;56.8;1.81
Blondie;Nowaczyk;2CHEL;179;72;2.23
Brigit;Pankhurst.;5BHBG;168;65.5;2.48
Barnabas;Nolte;4AHBG;202;76.3;4.92
Cort;Maryman;5AHBG;163;77.9;3.33
Paxon;Keepin;5AHEL;180;65.2;2.92
Stanislaw;Markushkin;3BHEL;184;84.7;4.97
Mickie;Bernlin;1AHEL;157;88.1;3.27
Jany;Friedenbach;1BHEL;164;75.9;2.06
Ernestine;Kristoffersen;4BHEL;156;58;4.79
Verla;Cashford;2AHEL;202;59.2;2.45
Henrietta;Murison;1BHBG;199;59.2;2.51
Latrina;Pitrollo;5AHEL;193;69.6;2.91
Quentin;Blais;2BHBG;164;79.2;3.57
Marcella;Gallico;1BHEL;157;83;4.07
Essie;Landeg;2AHEL;170;50.1;3.74
Gwyneth;Carlucci;5AHEL;196;63.1;4.94
Gustaf;Boecke;2CHEL;180;77.3;3.92
Ernesto;Cochern;1BHBG;193;77.9;2.68
Aleece;Fearnside;1BHBG;163;54.5;2.32
Ludvig;Navarro;4CHEL;202;70;3.17
Yoshi;Caldwell;2CHEL;179;51.5;1.24
Harmonia;Plewman;5BHBG;161;51.2;3.36
Smitty;Tomaini;4AHEL;189;67.8;4.08
Joey;Whyler;2CHEL;186;59.4;1.63
Madlin;Boullin;2CHEL;153;73.6;4.51
Viole;Pinchbeck;1BHEL;150;54.8;3.85
Oriana;Madgin;1BHEL;173;67;3.22
Tabor;Hawken;3CHEL;182;68.1;3.38
Gerianna;McPartling;2BHBG;157;63.5;2.76
Mozelle;Taggett;4AHBG;197;82;2.3
Godfrey;Seddon;3AHEL;192;53.9;3.68
Janaya;Zelake;5BHBG;171;85.6;4.87
Dyann;Garforth;1AHEL;152;61.4;2.76
Gianni;Izhaky;3BHEL;152;78;1.59
Georgie;Liddell;1CHEL;150;72.8;2.21
Nanete;Archibold;2BHBG;197;51.1;2.58
Norbert;Oatley;2AHEL;165;84.5;4.69
Lizabeth;Noury;5CHEL;201;67.9;2.01
Silvie;Golsworthy;2CHEL;166;78.2;2.66
Jeanna;Wray;4BHBG;185;73.9;4.27
Rafael;Harbottle;4AHEL;158;85.3;4.94
Kingsley;Caen;1AHEL;170;65.3;2.53
Byrle;Arnaudin;4BHEL;187;82.2;4.52
Carolin;Rao;4CHEL;185;52.2;4.87
Mallissa;Elloway;4AHBG;157;75.1;4.74
Shena;Choak;5BHEL;167;82;1.67
Aleece;Dureden;3BHBG;199;80.6;4.87
Vivianne;Kunisch;2AHBG;193;72.9;2.52
Pattie;Copeland;3AHBG;195;88.4;3.6
Leticia;Tolcher;5AHBG;172;79.1;4.38
Cristionna;Gaytor;2AHBG;189;78;1.1
Lyssa;Bladon;5CHEL;168;66.6;1.92
Olivie;Wooler;2AHBG;156;70.1;1.91
Cello;Kuller;4BHEL;160;84.7;3.97
Floyd;Busson;2AHBG;173;59.1;3.55
Kellsie;Woodard;3BHEL;152;55.8;3.95
Kerrill;Scurrell;4AHEL;198;50.9;1.28
Kaylee;Currie;4CHEL;174;56.8;1.58
Adora;Joslyn;1CHEL;177;74.2;1.21
Genevra;Meffan;3AHEL;159;53.7;2.19
Rosanna;Sibthorpe;4AHBG;197;55.2;3.3
Alexandros;Dewer;5CHEL;173;72.8;3.86
Lindsay;Basant;3CHEL;166;55.5;2.38
Cathlene;Sprakes;3BHBG;166;77.3;4.18
Lamar;Maybery;2BHBG;189;63;1.67
Cordelia;Meyrick;1BHBG;181;65.2;3.24
Renata;Fullilove;5AHEL;170;85.5;1.68
Pieter;Brignell;4AHBG;186;52.9;1.02
Blondelle;Stroud;1CHEL;192;58.2;4.16
Tildi;Chellenham;5BHEL;183;58.5;1.98
Currie;Paullin;5BHEL;202;56.9;1.29
Frasier;Thomtson;1AHBG;154;60.9;3.58
Elisa;Perigoe;1BHEL;173;88.6;4.79
Herman;Rennox;2AHBG;182;61;1.33
Rosie;Ridgedell;2BHBG;171;75.3;1.16
Brandtr;Caselli;4BHBG;159;51.5;3.9
Tyler;De Gowe;5BHBG;202;80.9;2.81
Tait;Kears;2BHBG;178;83.6;1.01
Josi;Kenelin;1BHEL;200;52.2;1.11
Luigi;Hazeltine;2AHBG;194;64.6;1.6
Sybilla;Klulicek;5CHEL;151;61.3;2.93
Cello;Praten;3BHBG;180;76.7;1.65
Lynde;Olek;4AHBG;169;58.9;4.94
Joseito;Waldram;5BHEL;160;81.9;4.33
Chrissy;Durdle;3AHBG;169;67.7;2.23
Carey;Raitie;3BHEL;152;62.5;4.64
Grayce;Blancowe;5CHEL;150;68.7;2.11
Haslett;Staveley;2BHBG;161;58.6;1.45
Benedicto;Tawn;1CHEL;165;53.1;4.36
Hayes;Reynault;1BHEL;161;54.4;3.4
Sophi;Coopman;3AHBG;179;62.7;4.38
Rowland;Tudgay;2CHEL;157;83.4;3.07
Doe;Cudby;2AHBG;189;84;2.01
Nata;Presnall;2AHBG;157;85.3;3.9
Millicent;Bemand;2BHEL;179;89.1;4.99
Marissa;Schonfelder;1AHEL;169;62.2;3.22
Godfry;Narup;5AHBG;196;86.1;1.78
Marilyn;Guiness;4BHEL;172;85.3;4.57
Kale;Labarre;5BHBG;160;84.9;2.94
Bridie;Meineking;3CHEL;151;87.9;1.44
Stanly;Pibworth;5AHEL;199;67.6;3.75
Vincent;Di Biasi;2CHEL;192;77.4;4.73
Tarah;Gyse;5BHBG;167;54.1;2.28
Reta;Jaqueminet;2BHBG;201;83.5;1.59
Maxim;Putnam;1AHEL;163;83.9;4.1
Stormie;Soggee;5CHEL;164;58.6;1.15
Lemar;Warrener;2AHBG;185;71.5;1.97
Guglielma;Ugoni;2BHBG;187;52.2;3.86
Rustin;Korejs;3BHBG;195;61.5;4.24
Hadrian;Ducarne;5BHBG;162;71.1;4.19
Christye;Scandwright;1AHEL;164;76.7;2.07
Trevor;Verlander;4BHEL;154;65.8;4.58
Geraldine;Penhallurick;4AHEL;178;67.3;2.94
Burton;Linge;2CHEL;164;57.2;2.22
Robbie;Neill;5BHBG;175;58.5;2.73
Nike;Angerstein;5AHBG;163;65.9;1.24
Irv;Rosthorn;4BHEL;197;77.1;2.05
Marc;Ounsworth;2CHEL;194;61.9;3.42
Grace;McNab;4BHEL;174;73.7;1.02
Rosalinda;Filippozzi;1AHEL;151;68.5;2.99
Sonia;Baert;3AHEL;176;54.5;1.34
Vasily;McIlmorie;3BHEL;183;88.9;3.11
Woody;Leavold;2CHEL;164;67.4;3.55
Erskine;Yu;3BHEL;155;80;2.59
Gussie;Ringrose;5CHEL;151;87.2;4.17
Ulrich;Pamment;4BHBG;183;64.6;4.24
Brad;Hurst;2AHBG;193;88.5;3.06
Nonnah;Wasling;2BHBG;177;75.4;1.6
Sigmund;Douthwaite;5CHEL;154;74.3;5
Isabel;Moughtin;2CHEL;160;75;3.31
Gottfried;Rawles;2BHEL;179;65.9;1.62
Meredeth;Hasley;1BHEL;151;73.7;1.63
Linn;Hanssmann;4AHBG;177;63.1;4.5
Neron;Bool;4AHBG;150;76.9;2.26
Kathye;Rannie;2BHEL;159;63.4;2.14
Hector;Greenshiels;3BHEL;174;69.7;1.07
Clarette;Marczyk;4AHBG;187;50.9;1.04
Fraze;De Blasi;2AHBG;187;57.1;1.93
Jodi;Harrison;4AHEL;194;51.7;2.8
Abrahan;Kubacki;5AHEL;194;59.2;2.21
Gusti;Argile;2AHBG;189;72.9;4.51
Gunther;Meekin;4BHBG;168;84;3.96
Esmeralda;Duetschens;2AHEL;196;89.1;2.69
Melloney;Lever;1BHEL;153;89.7;4.01
Bevvy;Pund;4BHEL;187;85.4;3.96
Horacio;Organ;3AHEL;157;88.8;1.51
Edmund;Truelock;5BHEL;168;57.8;3.36
Jilli;Shillito;2BHBG;177;56.9;1.82
Rory;Kieran;3AHBG;193;70.7;1.61
Vilma;Voce;4AHBG;171;84.3;1.19
Daria;McEntagart;2AHBG;157;76.6;3.48
Ruy;Mitchelhill;5CHEL;194;50.2;3.74
Evelyn;Ewells;2BHEL;197;55.3;1.42
Allin;Micklem;3AHEL;158;63.4;2.58
Oates;Ponter;1BHEL;187;57.9;4.2
Beverley;Pryde;1BHBG;192;88;4.21
Gabrila;Portis;3CHEL;181;79.9;2.76
Edsel;MacIlriach;4AHBG;171;79.6;3.84
Jacqueline;Antoshin;1AHEL;176;79.8;1.35
Teodoor;Jecks;1CHEL;150;56.5;4.19
Rafaelia;Jillins;2AHBG;192;59.7;2.34
Wandis;Durham;4BHEL;156;85.8;1.38
Orelia;Gaudin;3AHEL;169;65.7;1.41
Devon;Pike;4BHBG;165;74.7;3.36
Helen-elizabeth;Petris;3AHEL;155;79.5;1.03
La verne;Dulany;2CHEL;155;56.9;3.65
Reilly;Bernolet;4CHEL;177;59.8;1.69
Suzette;Beldon;5AHEL;158;59.8;2.02
Stanislas;McIlharga;2AHBG;176;74.1;4.23
Alanah;Scranny;1BHEL;177;69.5;4.47
Kirk;Pickrell;3BHEL;194;74.7;2.59
Kareem;Bloxsom;2AHBG;162;75.7;4.33
Reina;Bhar;2AHEL;199;70.3;4.01
Sandye;Smithend;1AHEL;185;79.9;2.54
Kris;Slaght;4CHEL;198;65;4.92
Yorke;Hansley;1AHBG;165;59.8;1.34
Vassily;Stubbington;3AHEL;178;58;1.15
Winnah;McClintock;2CHEL;184;77.5;4.38
Ilse;McOwen;5AHEL;199;58.8;4.69
Cristie;Galpin;5BHEL;157;79.1;4.17
Jere;Demann;3AHEL;196;59.7;1.63
Merrilee;Pilpovic;3BHBG;154;55.1;3.23
Cristine;Beswetherick;4BHBG;201;70.5;1.05
Brinna;O'Cridigan;3AHEL;165;74.2;4.62
Vanya;Higgonet;3AHEL;156;76;4.44
Vaughn;Brumwell;4CHEL;197;82.1;4.34
Pippy;Van Hault;1CHEL;171;51.4;3.45
Jenine;Ockland;2AHEL;189;82.4;4.57
Stormie;Diegan;5AHBG;158;66.2;1.33
Osborne;Grellis;1CHEL;154;50.7;1.33
Mozelle;Vasser;3CHEL;160;83.7;1.77
Dillie;Dankersley;5AHBG;184;63.3;3.81
Cammie;Bartosiak;3BHEL;153;60;2.07
Robinette;Alwell;4BHBG;178;75.4;4.62
Jayme;Stockell;1AHBG;158;63.6;3.12
Ardenia;Thurstan;2BHBG;150;57.7;2.66
Ellie;O' Flaherty;2BHEL;177;54.9;3.68
Englebert;Bullus;4BHEL;157;66.3;4.66
Alida;Harnott;2BHBG;154;82.7;4.61
Say;Meneer;4CHEL;153;64.2;3.61
Nicoli;Konrad;4AHBG;166;60.6;2.25
Cortney;Hens;3BHBG;164;63.4;3.49
Arlin;Sporle;4BHBG;200;77.9;3.8
Hope;Nund;2AHBG;180;81.2;2.61
Sancho;Brookton;1AHEL;175;60.3;2.84
Clayborne;Lordon;3CHEL;154;70.3;3.67
Marianne;Peaple;5AHBG;165;59.5;2.56
Sharlene;Belleny;2BHBG;198;87.5;3.78
Markus;Elgee;2AHBG;179;82.3;2.29
Kincaid;Pettis;3BHEL;174;85.1;3.24
Rudy;Sandes;1AHBG;193;62.5;2.59
Brocky;Jockle;2BHBG;171;68.9;4.58
Cathyleen;Barmby;4BHEL;158;59.3;3.26
Bancroft;Kinnerk;5CHEL;164;51.8;3.05
Colver;Colliford;5CHEL;173;67.8;3.39
Rosemarie;Antosch;4BHBG;172;65.7;4.76
Cindra;Strathdee;4BHBG;162;78.8;1.82
Elsbeth;Easum;2AHBG;190;54.8;2.72
Odey;Vivyan;2CHEL;150;73.1;2.14
Saundra;Husbands;5BHEL;184;89.1;3.58
Koressa;Langlais;3AHBG;200;53.3;2.19
Royce;Isley;4BHBG;198;52.7;1.74
Jarad;Preuvost;1BHBG;172;80.9;1.3
Frants;Coultas;5AHBG;150;72.3;2.2
Jacky;Maleck;1AHBG;192;53.6;2.98
Kelsy;Emanuele;2AHEL;158;85.1;4.17
Melloney;MacMakin;4CHEL;153;64.4;4.35
Ericha;Tranckle;2BHEL;178;66.2;2.86
Lillian;Iggo;5CHEL;175;88.1;3.36
Maddy;Guilford;2BHEL;169;68.1;2.23
Maddy;Wavish;2AHEL;192;59.6;4.31
Ephraim;Bullard;5BHBG;178;56.1;4.96
Lizzy;MacWilliam;3BHEL;177;77;3.31
Shelly;Yegorkov;3AHEL;151;50.6;3.1
Johannes;Vina;4BHEL;172;76.7;2
Dionne;Evetts;1BHEL;174;80.5;3.18
Chancey;Valenta;5BHBG;195;70.1;2.42
Rudiger;Tombleson;3BHBG;184;59.3;4.37
Mildred;Mattisson;3AHEL;197;84.5;1.68
Wilone;Whiteside;1BHBG;154;80.9;1.2
Boone;Wackly;2AHBG;186;54.9;2.58
Ingamar;Stoll;2BHEL;157;65.2;2.87
Rivalee;Friedank;4AHBG;160;72.2;4.23
Audrey;Geockle;4BHBG;177;85.5;4.52
Tad;Coils;5AHEL;180;55.4;2.85
Julia;Kildahl;3AHBG;173;87.3;3.72
Issi;Reimers;5AHEL;158;80.6;1.39
Gaspard;Hakonsen;5AHEL;189;54.9;4.19
Cacilia;Bevan;1CHEL;174;85;3.32
Pollyanna;Thirst;2BHEL;161;84.5;4.12
Gavan;Quant;2BHBG;201;85;2.55
Alysa;Menzies;3AHBG;169;78.5;2.82
Clement;Squeers;3BHBG;151;60.1;4.48
Lanni;De Cleen;1AHEL;176;59.1;4.99
Drona;Leate;3BHEL;170;85.2;3.66
Kissiah;Jeannet;5AHBG;153;62;2.35
Ephrem;Samweyes;5CHEL;185;75.3;4.63
Chantalle;Candy;1AHBG;162;85.6;3.22
Freddi;Piser;3AHEL;152;56.6;3.12
Jacinthe;Bisiker;1BHEL;151;68.6;2.33
Leoine;Danit;2BHBG;192;70;2.67
Atalanta;Woodford;5BHEL;166;57.4;2.1
Tabbatha;Berrecloth;1CHEL;200;73.9;2.45
Lexy;Girke;5CHEL;173;51.7;4.92
Bear;Tunnick;3CHEL;166;81.3;4.06
Ian;Lamboll;1CHEL;200;56;4.83
Oralie;Headford;1CHEL;190;72.2;2.89
Joanna;Jauncey;1BHBG;176;65.2;3.25
Petronilla;Bispo;1BHBG;194;67.2;4.29
Tirrell;Mapples;5BHEL;162;68.9;1.57
Zollie;Binny;1AHEL;169;64.8;3.5
Sigismond;Blondell;3CHEL;197;81.4;1.32
Nigel;Killen;5BHBG;184;70.1;2.92
Thurston;Dugood;1BHBG;179;85.2;4.56
Webster;McEttigen;4AHBG;153;55.8;3.19
Wendy;Halleybone;5AHBG;150;85.7;4.04
Alfy;Kearley;1BHBG;154;86.9;1.06
Alasdair;Brislan;1BHEL;196;54.5;2.3
Otho;Collier;4BHEL;170;69.8;4.55
Cris;Van der Hoven;3BHBG;173;54.6;1.46
Suzy;MacNeil;2CHEL;198;60.8;4.23
Nydia;MacAnelley;4CHEL;166;55.3;3.12
Karina;Airlie;5BHEL;163;90;4.35
Tandie;Tiffney;5BHBG;188;75.5;3.5
Gail;Fills;3CHEL;173;61.1;1.85
Dunstan;Bisterfeld;2CHEL;179;75.9;1.12
Gil;Lardeur;5AHEL;169;85.6;4.03
Hermann;Moverley;5BHEL;182;60.5;4.88
Poppy;Anslow;5CHEL;201;87.2;4.29
Riobard;Matyushenko;4AHBG;197;58.2;3.13
Hartwell;Degnen;1BHBG;163;50.8;2.66
Berty;Malinowski;1AHEL;181;89.9;1.02
Anne-marie;Inchcomb;4BHBG;181;86.7;4.54
Ambur;Bland;1CHEL;175;63.6;4.21
Constantino;Pearn;2CHEL;152;79.3;4.96
Elfrieda;Ravillas;3CHEL;179;72.7;1
Marisa;Riediger;2AHBG;186;76.4;3.14
Gwendolen;Ebben;3BHEL;193;57.9;2.64
Fawnia;August;1AHBG;201;52.2;2.2
Rance;Groundwater;3CHEL;157;82.6;1.22
Emanuel;Opie;3AHBG;156;63.8;1.02
Godwin;Fears;5AHBG;166;52.5;1.21
Stephanus;Raison;1BHBG;193;73.7;2.13
Billy;Grelka;1BHEL;172;89.9;1.92
Barde;Tersay;3BHEL;165;52.9;4.22
Lacy;Verheyden;4AHEL;190;80.1;2.61
Natka;Goscar;2BHEL;193;78.5;1.03
Alane;Orgel;3AHBG;181;50.8;2.6
Sibella;Ector;5BHEL;171;63.7;3.8
Jackquelin;Audas;1BHEL;177;71.1;2.91
Stephanus;Kunkler;2CHEL;187;60.1;1.61
Lynnea;Worwood;2AHEL;164;60.4;1.61
Roanna;Dally;4BHBG;173;56.7;1.78
Drake;Calbrathe;1BHEL;168;68.7;4.13
Leeanne;Nuzzti;5AHEL;190;64;3.35
Winfred;Libreros;5BHBG;184;68.1;3.14
Frederic;Ballinghall;3CHEL;153;88.2;3.86
Trenton;Sooley;2BHEL;177;79.2;2.87
Arlene;McGenis;2AHBG;181;54.7;4.76
Benny;McEvoy;1AHEL;176;76.4;2.3
Devina;Stiffell;5AHBG;158;61.7;3.43
Inglebert;Aspinal;3BHBG;187;50.1;4.53
Valeda;Hambidge;4BHBG;186;53.2;3.71
Van;Baudinot;3AHEL;150;73;4.8
Penny;MacGaughy;1BHEL;154;76;1.06
Cathe;Vassie;4BHBG;156;75.5;3.53
Oby;Miall;3AHBG;151;50.5;1.36
Sigismundo;Pooly;2BHEL;197;55.2;4.89
Oates;Sire;1AHEL;166;57.7;3.86
Sabrina;Lubbock;1CHEL;158;62.9;3.79
Flin;Jakel;3BHBG;154;57.6;1.01
Phaidra;Northwood;2BHBG;153;78.2;3.08
Loria;Miebes;5AHEL;191;63.4;2.51
Waite;Stocks;3CHEL;163;75.9;3.92
Hyacinthie;Sollner;5BHBG;179;77.4;1.37
Lukas;Bellinger;1BHEL;171;67;4.05
Cassandre;Cromley;5BHBG;179;87.4;1.05
Kellyann;Hartus;4BHBG;156;59.4;3.03
Giulietta;Gibben;3BHEL;180;55;2.62
Maryl;Paumier;1BHEL;155;59.3;2.59
Rosanne;Odda;5CHEL;157;70;2.04
Madonna;Rocca;4CHEL;189;52.6;2.03
Christos;Paulsson;2BHEL;201;86.8;2.27
Carita;Agus;3CHEL;198;58.9;1.79
Delcina;Dibbs;1BHBG;178;75.9;3.16
Garvey;Heinicke;2BHEL;201;82.9;2
Traver;Winch;4AHBG;189;77.6;4.55
Gualterio;Boylin;4BHBG;160;79.5;3.65
Merilee;Sillwood;5BHEL;162;58.2;2.99
Ninnette;Morphew;1CHEL;168;51.7;4.44
Lexis;Dozdill;3AHBG;202;56.8;4.27
Howard;Dulson;2CHEL;172;52.2;4.11
Gus;Buckwell;3BHBG;161;81.5;1.12
Dennis;Strickler;1CHEL;193;89.4;3.73
Kahlil;Weymont;4BHEL;170;59.9;2.84
Delinda;Spragg;4BHEL;150;56.5;3.39
Lenci;Tregiddo;1CHEL;195;55.6;1.79
Rolando;Augie;1BHEL;179;57.4;4.68
Hasty;Leahey;4AHBG;168;84.6;1.17
Stefan;Fearne;3BHEL;177;64.7;1.91
Kort;Shapter;1BHEL;177;62.3;2.89
Dori;Guiet;1BHEL;187;85.5;4.01
Jeannine;Lambert-Ciorwyn;1CHEL;190;87;3.31
Kania;Fozzard;5CHEL;172;53.4;4.59
Lorene;Muzzlewhite;5CHEL;189;58.7;4.63
Beatrisa;Wink;4BHEL;188;84.2;4.18
Aeriela;Kinghorne;5BHBG;185;77.8;3.45
Serene;Blankett;3BHBG;170;64;4.46
Rosemonde;Edbrooke;5AHEL;201;70.1;4.29
Hermine;Daniele;4BHBG;169;56.9;2.12
Marni;Marconi;5AHEL;186;58.1;4.63
Alexi;Cicchetto;5BHBG;188;57.6;3.6
Glynn;Huckerbe;4BHBG;188;67.7;4.55
Linell;Murkin;2AHEL;158;59.7;4.9
Idell;Tattersill;5BHEL;177;52.4;1.52
Nelson;Curtain;4AHEL;152;70.2;1.56
Barnabe;Saleway;3BHBG;161;69.2;2.02
Marrilee;Tolliday;2BHBG;193;54.9;4.05
Bengt;Colomb;1BHBG;190;67.2;4.38
Carmella;Moorton;1BHBG;188;56.8;1.29
Berny;Densham;2AHEL;166;65.2;3.71
Bill;Cannaway;1BHBG;180;76.6;3.57
Levy;Paradise;1BHBG;183;74.2;4.52
Daveen;Townes;2AHEL;189;62.8;4.11
Thatch;Hallum;4CHEL;170;73.1;1.5
Nettle;Tomaszczyk;4BHBG;186;57.6;2.57
Byrann;Kleinerman;1BHBG;202;81;2.42
Job;Flatley;2BHBG;193;51.4;2.7
Oralee;Gyford;1BHBG;180;71.9;1.1
Gal;Hulbert;4AHBG;202;59.6;3.9
Doyle;Rizzolo;1AHBG;156;80.1;2.24
Sioux;Keady;4AHBG;168;55.5;1.05
Deeann;Clemes;4AHBG;164;52.5;1.48
Desirae;Bushell;2AHEL;187;71.1;3.83
Paulie;Barwood;1AHBG;171;71;3.42
Zabrina;Westrope;4BHEL;161;60.7;3.92
Pauly;Beebis;3AHEL;152;85.6;3.54
Nealon;Coveney;1BHEL;174;83.2;3.4
Ferd;Gouny;2CHEL;191;62;4.17
Estella;Lapthorne;2BHBG;192;75.8;3.32
Kleon;Gianiello;4BHEL;177;72.4;3.6
Ofelia;Grennan;3BHBG;150;62.5;1.43
Una;Fenne;2AHBG;166;63.8;3.84
Cassi;Gowry;1BHEL;191;68.7;2.22
Maye;Westhead;5BHBG;154;77.8;2.2
Susana;Guppie;5AHBG;167;60;3.8
Bat;McBeth;1BHBG;166;87.4;3.23
Larina;Cochran;1AHBG;200;73.5;4.34
Pavlov;De Ferrari;2BHBG;184;56.5;3.3
Franciska;Grinnikov;1AHBG;199;78.1;3.98
Yovonnda;Poschel;3AHBG;190;87.7;3.77
Iseabal;McEnhill;1AHEL;200;88.2;4
Bertram;Obert;1BHEL;199;64.4;1.13
Vince;Born;4AHEL;157;68.5;1.23
Arel;Casper;5CHEL;192;61.7;1.41
Brigida;Aicheson;5AHBG;162;57.5;4.63
Creigh;Skedge;5CHEL;187;89.3;2.68
Hyacinthie;Batch;5AHBG;168;62.3;2.08
Chevy;Biers;4AHEL;201;73.1;2.25
Ring;Nappin;4BHEL;167;83.8;3.86
Augusta;Tallman;2AHBG;195;51.4;2.03
Jessika;Allon;3BHEL;166;52;4.09
Simonette;Dewing;4AHEL;183;54.1;3.43
Gladi;Mattheis;3AHBG;198;79.2;4.49
Sheffy;Element;4AHBG;169;51.4;2.5
Jerald;Rosenblad;1AHBG;173;76.4;3.05
Hedwiga;McGiffie;1AHEL;192;84.6;1.87
Pryce;Allardyce;4BHBG;154;63.5;4.37
Shelagh;Apdell;3BHBG;172;67.7;2.9
Gabriell;Spadelli;5CHEL;182;51.2;3.33
Gill;Rustadge;1AHEL;169;85.6;1.19
Andrea;Hamon;1BHEL;159;61.2;2.49
Aldwin;Strain;2CHEL;179;88.2;2.51
Othilia;Donnett;5BHEL;196;86.7;2.48
Merrielle;Radclyffe;2AHEL;157;50.4;2.04
Rosetta;Baise;4AHBG;200;88;4.53
Pall;Cullinan;1BHBG;189;81.5;4.9
Vance;Fenwick;5AHBG;176;73;3.08
Fons;Isakovitch;1BHEL;166;52.4;1.18
Grange;Danaher;3CHEL;173;51.1;4.18
Starlene;Crombie;4BHBG;164;53.9;3.52
Beatrice;Alderman;4BHBG;189;72.6;4.85
Lind;Laurentino;1AHEL;183;65.9;2.81
Dalt;Staten;5BHEL;151;62.8;4.79
Tull;Kneaphsey;2AHEL;150;70;1.2
Sella;Pellman;2AHEL;183;60.9;2.96
Gilburt;Howlings;3AHEL;163;86.6;1.9
Maribelle;Fegan;1BHEL;197;78.4;4.03
Hendrik;Greschik;1BHEL;158;57.3;2.53
Tatum;Shay;2CHEL;186;77.1;3.68
Rochette;Coopman;1BHBG;191;58.8;4.39
Samara;Zorzutti;3BHEL;184;73.3;3.05
Esmaria;Lammertz;5BHEL;198;76.6;3.85
Olly;Michael;1AHBG;193;57.4;4.46
Adrienne;Griss;1AHBG;150;65.7;3.87
Rodge;McKeating;5CHEL;178;61.9;4.93
Kipper;Rosengarten;5AHBG;201;56;2.4
Reena;Heinssen;3AHEL;196;75.6;2.92
Welbie;Lambe;5AHBG;179;54.7;4.13
Scarlet;Poker;2CHEL;198;78.3;1.64
Conrade;Doughartie;4CHEL;170;50.5;2.12
Margi;Scard;4CHEL;186;83.2;2.7
Dodi;Accomb;1CHEL;183;80.9;1.17
Philbert;Sleight;2CHEL;195;62.3;4.6
Craig;Stanman;3AHBG;155;75.1;4.4
Case;Smalley;2BHEL;191;65.8;2.84
Kirbie;Ielden;2BHEL;152;82.9;4.34
Jammal;Kennerley;2CHEL;190;60.3;3.93
Miguel;Rummin;1AHBG;158;73.2;3.81
Lora;Corbally;2CHEL;193;52.7;1.62
Merilyn;Hiddsley;3AHEL;153;73.8;4.93
Alvy;Risso;5BHEL;154;63.2;4.29
Roze;Keal;3AHEL;196;52.2;1.04
Nicolle;D'Alwis;5AHBG;187;83.4;2.61
Adelaida;Attrey;4AHEL;198;55.7;2.53
Gerry;Van der Son;5BHEL;198;50.1;3.84
Dennet;Mallia;4BHBG;190;71.7;3.06
Bail;Votier;2BHEL;162;67.5;1.26
Darla;Prior;1BHBG;197;88.4;1.39
Marcus;Acum;1AHEL;155;90;1.76
Kipper;Goadsby;3AHBG;170;76.7;1.95
Sheppard;Dunan;1BHEL;151;67.1;1.19
Ruthanne;Thrush;3AHEL;193;82.1;2.52
Lorinda;Cromleholme;2BHEL;185;62;3.44
Lynnette;Peoples;3AHEL;173;61;4.86
Glynda;Allder;5AHBG;183;75.8;2.38
Nydia;Wooff;1CHEL;194;81.1;2.55
Nicki;Maddicks;4AHBG;191;53.4;2.06
Madge;Dorrian;5CHEL;173;65.9;3.58
Caitrin;Tartt;5BHEL;185;73.7;3.74
Cammi;Varfalameev;1AHEL;185;83.2;4.62
Johnath;Crocket;1BHBG;182;65.1;1.38
Eduino;Sherrocks;5CHEL;178;84.1;4.18
Sigmund;Betjes;2AHBG;152;79.5;4.97
Eziechiele;Earpe;1AHBG;172;56.1;2.19
Siana;Stutte;2CHEL;172;54.1;4.5
Maggy;Wayne;1AHEL;186;59.2;3.07
Shanan;Gobourn;1CHEL;199;79.6;2.66
Galina;Derges;3BHEL;153;83.9;1.77
Cathe;McCann;3BHBG;185;56.9;1.34
Enos;Sibthorpe;5AHEL;201;76.4;1.9
Sid;Rossoni;2AHBG;166;67.2;3.63
Taffy;Rockey;3BHEL;191;63.4;2.82
Inigo;McDarmid;1BHBG;188;89.6;3.46
Silvano;Benez;4CHEL;185;84.5;1.98
Jozef;Woffinden;1AHEL;187;53.1;4.44
Mitchell;Beetlestone;3AHEL;170;79.6;1.75
Joellyn;Headech;4AHEL;196;76.9;1.96
Reagan;Gomersall;2BHEL;188;88.2;2.8
Frederick;McIlharga;2CHEL;199;61.9;3.63
Sabina;Brandenberg;5CHEL;153;72.3;3.43
Taffy;Dukesbury;3BHEL;171;84.5;4.55
Westley;Marler;1AHEL;154;71;2.25
